url,domain,page_name,source_type,focus,why_high_value,streams,status,first_seen,last_verified,verification_result,notes
"https://www.modwiggler.com/forum/viewforum.php?f=17","modwiggler.com","Music Tech DIY","forum_section","Synth and stompbox DIY threads","Large specialist forum with build threads and obscure circuit discussions","analog;embedded","degraded","2026-07-13","2026-07-27","Direct fetch returned HTTP 403 again on 2026-07-27","Use indexed threads as leads and verify artifacts separately"
"https://electro-music.com/forum/","electro-music.com","DIY Hardware and Software forum index","forum_hub","Synth DIY subforums and legacy designer archives","Deep archive covering MFOS YuSynth CGS Jürgen Haible Thomas Henry and other low-SEO material","analog;embedded","active","2026-07-13","2026-07-27","Forum index remained reachable and current activity was verified on 2026-07-27","Navigate to specific DIY subforums and Schematics Vault"
"https://lookmumnocomputer.discourse.group/","lookmumnocomputer.discourse.group","Look Mum No Computer Thingies","forum_hub","DIY electronics and Kosmo modules","Active builder community with stripboard module and build-troubleshooting leads","analog;embedded","active","2026-07-13","2026-07-27","Discourse hub and current topics remained reachable on 2026-07-27","Prioritize DIY STUFF and KOSMO MODULES"
"https://forum.pedalpcb.com/","forum.pedalpcb.com","PedalPCB Community Forum","forum_hub","Pedal circuits breadboards and build reports","Useful for PT2399 BBD modulation and analog pedal experiments","analog;embedded","active","2026-07-13","2026-07-27","Forum index and current categories remained reachable on 2026-07-27","Promote only with schematic and primary-source evidence"
"https://www.diystompboxes.com/smfforum/","diystompboxes.com","DIYStompboxes forum","forum_hub","Analog and mixed-signal pedal design","Long-running technical forum with unusual circuits and implementation details","analog;embedded","degraded","2026-07-13","2026-07-27","Direct research fetch failed again on 2026-07-27; indexed pages remain usable","Use search-engine site queries and verify linked artifacts"
"https://www.freestompboxes.org/","freestompboxes.org","FreeStompboxes forum","forum_hub","Pedal tracing analysis and DIY builds","High-value low-SEO pedal circuit archive","analog;embedded","blocked_by_tool","2026-07-13","2026-07-27","Direct research fetch failed again on 2026-07-27","Use indexed pages or browser fallback"
"https://hackaday.io/projects?tag=synthesizer","hackaday.io","Hackaday.io synthesizer projects","project_hub","Build logs and hardware projects","Project logs often lead to self-hosted files and under-indexed repositories","analog;embedded","active","2026-07-13","2026-07-27","Tagged synthesizer project page remained reachable on 2026-07-27","Vary tags: audio eurorack guitar-effects synthesizer"
"https://gitlab.com/explore/projects","gitlab.com","GitLab project explorer","repository_host","Non-GitHub source repositories","Independent repository discovery outside GitHub","analog;embedded","active","2026-07-13","2026-07-27","Explorer remained reachable with limited parser content on 2026-07-27","Use project search and topic queries; verify licenses and files"
"https://codeberg.org/explore/repos","codeberg.org","Codeberg repository explorer","repository_host","Forgejo-hosted open-source projects","Alternative host likely to contain small independent projects","analog;embedded","blocked_by_tool","2026-07-13","2026-07-27","Direct research fetch failed again on 2026-07-27","Use search-engine indexing or browser fallback"
"https://sr.ht/projects","sr.ht","SourceHut projects","repository_host","Minimalist self-hosted project pages","Alternative host for low-popularity engineering projects","analog;embedded","blocked_by_tool","2026-07-13","2026-07-27","Direct research fetch failed again on 2026-07-27","Use search-engine indexing and author pages"
"https://sdiy.info/wiki/Online_resources","sdiy.info","Synth DIY online resources","link_directory","Curated synth DIY sites and circuit collections","Useful jump page for legacy and low-SEO sources","analog","degraded","2026-07-13","2026-07-27","Direct fetch failed again on 2026-07-27; search index remains available","Traverse outbound links and validate targets"
"https://sdiy.info/wiki/Blogs_and_RSS_feeds","sdiy.info","Synth DIY blogs and RSS feeds","link_directory","Personal blogs and feeds","Explicit directory for discovering small personal engineering sites","analog","degraded","2026-07-13","2026-07-27","Direct fetch failed again on 2026-07-27; search index remains available","Treat as discovery hub not authority"
"https://kassu2000.blogspot.com/","kassu2000.blogspot.com","Kassutronics","engineering_blog","VCO, VCF, VCA, envelopes, wavefolders and theory","Detailed project articles with schematics, measurements and implementation discussion","analog","static_archive","2026-07-13","2026-07-13","Homepage and project index verified","Older but high-value; check individual licenses"
"https://www.eddybergman.com/","eddybergman.com","Eddy Bergman DIY synth projects","engineering_blog","Verified stripboard and newer KiCad synth builds","Active low-SEO build evidence, BOMs, scope captures and practical corrections","analog","active","2026-07-13","2026-07-13","2025–2026 posts verified","Schematics may derive from other authors; trace primary lineage"
"https://www.schmitzbits.de/","schmitzbits.de","Schmitzbits synth circuits","engineering_site","Classic analog synth circuit research","Compact legacy source for unusual VCO, VCF and chaos circuits","analog","static_archive","2026-07-13","2026-07-13","Site reachable with minimal index content","Use page-specific search and archived links"
"https://yusynth.net/Modular/index_en.html","yusynth.net","YuSynth modular projects","project_hub","Complete analog modular circuit collection","Strong schematic and build reference with many reusable analog blocks","analog","static_archive","2026-07-13","2026-07-13","Page reachable; parser returned no lines","Verify project files and usage terms individually"
"https://electricdruid.net/category/projects/","electricdruid.net","Electric Druid projects","engineering_blog","Synth, stompbox, PT2399, BBD and PIC-assisted audio","Deep technical articles plus schematics/code and explicit CC BY-NC-SA licensing notice","analog;embedded","active","2026-07-13","2026-07-13","Project category and current site verified","License is noncommercial/restricted for open-hardware scoring"
"https://northcoastsynthesis.com/synth-diy-projects/","northcoastsynthesis.com","North Coast Synthesis SDIY projects","project_hub","Analog Eurorack circuits and technical documentation","Engineering-heavy project pages and documentation downloads","analog","active","2026-07-13","2026-07-27","Project index and source-package links remained reachable on 2026-07-27","Most material is GPL but verify the individual project document before promotion"
"https://www.birthofasynth.com/","birthofasynth.com","Birth of a Synth","engineering_site","Thomas Henry-inspired analog synth development","Legacy design explanations and project lineage that surface obscure circuits","analog","static_archive","2026-07-13","2026-07-13","Site reachable","Cross-check original authorship and licenses"
"https://www.djerickson.com/synth/","djerickson.com","Dave Erickson DIY Eurorack project","engineering_site","SMT VCO, VCF, VCA and ADSR builds","Personal engineering project with implementation-oriented module pages","analog","static_archive","2026-07-13","2026-07-13","Project page verified through search index","Inspect individual downloads and build evidence"
"https://www.soundsemiconductor.com/","soundsemiconductor.com","Sound Semiconductor product/document hub","manufacturer_hub","SSI2130/2131/2140/2144/2164/2190","Primary datasheets, evaluation boards and application notes for modern synth ICs","analog","active","2026-07-13","2026-07-13","Official product site verified","Primary source; track revisions"
"https://www.soundsemiconductor.com/downloads/AN701.pdf","soundsemiconductor.com","AN701 SSI2164 voltage-controlled filters","application_note","SSI2164 OTA/current-amplifier filter design","Detailed primary topology and design guidance for multiple synth filters","analog","static_archive","2026-07-13","2026-07-13","PDF content verified","Track revision and derivative builds"
"https://www.soundsemiconductor.com/downloads/evb2130.pdf","soundsemiconductor.com","EVB2130 evaluation board","evaluation_board","SSI2130 VCO reference design","Primary schematic, BOM and user guide for SSI2130 evaluation","analog","static_archive","2026-07-13","2026-07-13","PDF content verified","Reference design, not automatically open hardware"
"https://www.ti.com/lit/ds/symlink/lm13700.pdf","ti.com","LM13700 datasheet","datasheet","OTA VCA, VCF and VCO applications","Primary device behavior and application circuits for LM13700 mining","analog","static_archive","2026-07-13","2026-07-13","Official PDF content verified","Use current revision metadata when available"
"https://www.spinsemi.com/products.html","spinsemi.com","Spin Semiconductor products","manufacturer_hub","FV-1 DSP and development resources","Primary hub for FV-1 datasheets, tools and hybrid effect references","analog;embedded","static_archive","2026-07-13","2026-07-13","Official product page verified","Check forum and application-note links"
"https://www.spinsemi.com/Products/appnotes/spn1001-dev/SPN1001-DEVB_sch.pdf","spinsemi.com","FV-1 development-board schematic","evaluation_board","FV-1 mixed-signal reference hardware","Primary schematic for analog I/O, EEPROM, switching and USB development path","analog;embedded","static_archive","2026-07-13","2026-07-13","Official PDF verified","Reference design; licensing must be checked separately"
"https://www.princeton.com.tw/%E7%94%A2%E5%93%81%E5%B0%88%E5%8D%80/Multi-Media-Audio/Echo-Processor/EP-PT2399","princeton.com.tw","PT2399 product and documents","manufacturer_hub","PT2399 echo processor","Primary datasheet and demo-board resources for PT2399 designs","analog","active","2026-07-13","2026-07-13","Official product page and document list verified","Use current datasheet revision; product page URL is localized"
"https://bartonmusicalcircuits.com/synthstuff.html","bartonmusicalcircuits.com","Barton Musical Circuits DIY synthesizer projects","project_hub","Large catalog of analog and mixed-signal synth modules","Master page exposes a broad low-SEO module archive with schematics and project documents","analog","static_archive","2026-07-14","2026-07-14","Master project list and document links verified","Check licensing and build completeness per module"
"https://www.nonlinearcircuits.com/modules","nonlinearcircuits.com","Nonlinearcircuits module index","project_hub","VCF VCO VCA phaser chaos drum BBD and SSI-based modules","Deep active catalog with unusually broad analog topologies and current SSI ALFA LM13700 and V320x parts","analog","active","2026-07-14","2026-07-27","Module catalog and current category index remained reachable on 2026-07-27","Commercial PCB catalog; verify public schematic and license per design"
"https://lantertronics.blogspot.com/","lantertronics.blogspot.com","Lantertronics","engineering_blog","Analog synthesizer circuit analysis and builds","Personal technical archive with detailed synth electronics articles that search poorly by project name","analog","active","2026-07-14","2026-07-14","Homepage and article archive content verified","Trace project licensing and primary design lineage individually"
"https://freemodular.org/","freemodular.org","Free Modular","project_hub","Low-cost Eurorack modules with source files and fabrication resources","Page-level hub for explicitly licensed hardware with manuals BOMs Gerbers panels and schematics","analog;embedded","active","2026-07-14","2026-07-27","Module index and license resources remained reachable on 2026-07-27","Hardware text and images CC BY-SA 4.0; software GPL-3.0"
"https://sdiy.info/wiki/Open_source_music_hardware_projects","sdiy.info","Open source music hardware projects","link_directory","Open hardware synthesizers drum machines and controllers","Curated low-SEO directory that surfaces independent hardware projects and legacy archives","analog;embedded","degraded","2026-07-14","2026-07-27","Direct fetch returned HTTP 403 on 2026-07-27; search index remains available","Use as discovery signal and verify every linked primary artifact"
"https://www.noniandjim.com/Jim/SynthKiCadBlocks/SynthBlocks.html","noniandjim.com","KiCad Open Source SynthBlocks","project_hub","Reusable KiCad synth circuit blocks including VCO ADSR and control interfaces","Small self-hosted library of editable circuit blocks and PDFs with explicit verification warnings","analog;embedded","static_archive","2026-07-14","2026-07-14","Project page and downloadable block descriptions verified","Author states blocks are untested until PCB verification; treat as reference only"
"https://sandelinos.me/diy/LM13700-dual-VCA/","sandelinos.me","LM13700 dual VCA","engineering_project","DC-coupled dual OTA VCA for audio and CV","Built personal project with KiCad schematic PDF stripboard BOM panel art measurements and photos","analog","active","2026-07-14","2026-07-14","Project page and downloadable artifacts verified","License not located; do not label open source without further evidence"
"https://diysynthmnl.github.io/","diysynthmnl.github.io","DIY Synth Manila","project_hub","Documented Eurorack VCA ADSR PT2399 and saturation designs","Hobbyist project hub linking schematics editable KiCad build status photos and design notes","analog;embedded","active","2026-07-14","2026-07-27","Project hub and linked repository catalog remained reachable on 2026-07-27","License and production readiness vary by repository"
"https://www.alfatriode.lv/eng/sc/semiconductor.php","alfatriode.lv","ALFA RPAR semiconductor document hub","manufacturer_hub","AS analog synth IC datasheets including VCO VCF VCA OTA and voice chips","Primary manufacturer page for current AS parts and official electrical documentation","analog","active","2026-07-14","2026-07-14","Official semiconductor product page verified","Track datasheet revisions and distributor availability"
"https://www.alfatriode.lv/eng/sc/AS3397.pdf","alfatriode.lv","AS3397 datasheet revision 4","datasheet","Microprocessor-controlled dual waveform converter VCF mixer and panning VCA","Primary application guidance and electrical limits for digitally controlled analog voice designs","analog;embedded","static_archive","2026-07-14","2026-07-14","Official 10-page PDF revision 4 verified","Reference document; no hardware license implied"
"https://www.preprints.org/manuscript/202604.1865","preprints.org","PolyUAnalog engineering paper","university_project","AS3397 RP2040 polyphonic analog synth with digital calibration","University-authored implementation paper with schematics build guidance measurements BOM and source links","analog;embedded","active","2026-07-14","2026-07-14","Current preprint and peer-reviewed article link verified","Use repository as canonical artifact source; paper reports measured performance"
"https://diy-synths.snnkv.com/","diy-synths.snnkv.com","DIY synths database","link_directory","Curated standalone synth groovebox sampler controller and modular hardware projects","Page-level catalog exposes source-artifact summaries for 94 DIY-friendly music hardware projects and an RSS feed","analog;embedded","active","2026-07-14","2026-07-27","Live catalog remained reachable with 94 projects and 2026-06-27 update","Discovery signal only; verify CAD firmware build evidence and license at each primary project"
"https://certification.oshwa.org/list.html","certification.oshwa.org","OSHWA certified project list","certification_directory","Certified open hardware including sound audio MIDI and controller projects","Authoritative searchable certification registry with project versions licenses and primary documentation links","analog;embedded","active","2026-07-14","2026-07-27","Current certified-project list remained reachable on 2026-07-27","Certification supports license identity but does not replace fabrication and build verification"
"https://www.t-dsp.com/","t-dsp.com","T-DSP open modular audio platform","project_hub","Teensy ESP32 codec modules backplanes balanced I/O and audio DSP hardware","Official ecosystem hub links editable KiCad codec and backplane projects that are otherwise split across repositories","embedded","active","2026-07-14","2026-07-27","Project hub and hardware links remained reachable on 2026-07-27","Current hardware is CC BY-NC-SA; verify each revision build state before fabrication"
"https://bastl-instruments.com/diy/open-source","bastl-instruments.com","Bastl open-source project index","manufacturer_hub","Kastle 2 and Citadel DSP platform source schematics firmware templates and tools","Official manufacturer page consolidates reusable pocket and Eurorack DSP platform resources and related apps","embedded","active","2026-07-14","2026-07-14","Kastle 2 and Citadel source links verified","PCB layout remains proprietary for Kastle 2; distinguish schematic source from editable board source"
"https://forum.pjrc.com/index.php?forums/audio-projects.8/","forum.pjrc.com","PJRC Teensy Audio Projects","forum_section","Teensy audio hardware firmware projects codec bring-up and troubleshooting","Active specialist section surfaces complete instruments custom audio boards driver work and real build problems","embedded","active","2026-07-15","2026-07-27","Audio Projects forum section remained reachable on 2026-07-27","Use threads as leads; verify source CAD firmware and licenses at primary repositories"
"https://democloid.com/","democloid.com","democloid embedded audio notebook","engineering_blog","RP2040 audio clocks handheld tracker hardware and portable instrument builds","Personal engineering notes document picoTracker lineage clock choices and source-hardware build decisions","embedded","active","2026-07-15","2026-07-15","Homepage reachable with picoTracker portable and RP2040 audio-clock articles","Follow project links to current xiphonics firmware and derivative hardware repositories"
"https://wiki.makervan.de/wiki/Synthiboard","wiki.makervan.de","MakerVan Synthiboard","project_page","Arduino synth development board controls PWM audio and swappable firmware","Current OSHWA-certified build page includes revisions BOM controls firmware variants and alternative-host source links","embedded","active","2026-07-15","2026-07-27","Stable Synthiboard project page remained reachable on 2026-07-27","Codeberg design files were blocked by the research tool; retain page as source and verify CAD through another path"
"https://www.openwarelab.org/","openwarelab.org","OpenWareLab OWL device documentation","project_hub","OWL embedded-audio devices firmware patch programming calibration and legacy documentation","Maintained non-GitHub hub spans pedals modules controllers patch toolchains and device-specific instructions across the OWL ecosystem","embedded","active","2026-07-16","2026-07-27","OWL device documentation hub remained reachable on 2026-07-27","Use as a discovery hub; verify editable CAD BOM build state and licence at each device repository"
"https://toern.live/","toern.live","TŒRN open-source groovebox","project_page","Standalone Teensy 4.1 sequencer sampler looper and synth","Official current build page links editable PCB firmware docs controls audio MIDI battery mechanics and small-batch build evidence","embedded","active","2026-07-17","2026-07-27","Official TŒRN project page remained reachable on 2026-07-27","Hardware CC BY-NC 4.0; software MIT; verify revision G manufacturing bundle before production"
"https://apfaudio.github.io/tiliqua/hardware_design.html","apfaudio.github.io","Tiliqua electrical design","project_documentation","Three-board FPGA audio platform motherboard SoldierCrab SoM and Eurorack PMOD","Low-SEO primary documentation links revisioned KiCad repositories schematics gateware calibration and hardware architecture","embedded","active","2026-07-17","2026-07-27","Tiliqua electrical-design documentation remained reachable on 2026-07-27","CERN-OHL-S; track the documented early-R5.1 USB-C backpower erratum and board revision"
"https://www.dmme-electronics.nl/projects/dsp-module","dmme-electronics.nl","DMME RP2040 DSP Module","project_page","RP2040 PCM3060 audio DSP carrier with PSRAM and dual-domain power","Personal engineering page documents codec topology memory latency and measured goals for a forthcoming source release","embedded","degraded","2026-07-17","2026-07-27","Direct fetch failed on 2026-07-27; prior indexed project details retained","Watch for KiCad release before promotion"
"https://www.shmoergh.com/moduleur/","shmoergh.com","Shmøergh Moduleur","project_hub","Complete analog modular synth with reusable core and UI boards plus Pico Brain","Official low-SEO page links a current full-system build and source ecosystem spanning VCO VCF VCA compressor sample-and-hold mixer mechanics and firmware","analog;embedded","active","2026-07-20","2026-07-27","Official Moduleur project page remained reachable on 2026-07-27","Hardware CC BY-NC 4.0; classify as noncommercial_or_restricted despite open-source wording"
"https://www.musicthing.co.uk/workshopsystem/","musicthing.co.uk","Music Thing Modular Workshop System","project_hub","Compact analog modular system with RP2040 program-card computer","Current official hub documents fourteen analog and mixed-signal modules plus build calibration and active product evidence","analog;embedded","active","2026-07-20","2026-07-27","Official Workshop System hub remained reachable on 2026-07-27","Public board-level hardware source was not located in this run; verify before promotion"
"https://pichenettes.github.io/mutable-instruments-diy-archive/","pichenettes.github.io","Mutable Instruments prehistoric DIY archive","legacy_archive","Shruthi Ambika Anushri filter voicecard build and calibration documentation","Authoritative legacy hub exposes BOMs schematics assembly mechanics technical notes and licensed hybrid analog designs","analog;embedded","static_archive","2026-07-20","2026-07-20","Archive index plus Ambika and Shruthi documentation links verified","Cross-check each repository license because some deprecated Shruthi filter boards are noncommercial"
"https://www.davidhaillant.com/","davidhaillant.com","David Haillant electronic projects","engineering_blog","VCO VCF VCA envelope preamp drum and Eurorack support circuits","Active personal engineering index with schematics iBOMs revisions calibration notes build photos and uncommon circuit lineage","analog","active","2026-07-20","2026-07-20","Current 2026 project index and linked Simple VCO Piezo and VCF pages verified","Public schematics do not establish hardware reuse licensing; verify per project"
"https://winterbloom.com/support/","winterbloom.com","Winterbloom product resources","project_hub","Certified open-hardware Eurorack dual DCO filter output and power modules","Primary directory links manuals KiCad sources build guides calibration errata and OSHWA records for each module","analog;embedded","active","2026-07-27","2026-07-27","Support index plus Castor & Pollux and Neptune primary documentation verified","Winterbloom ended production in 2025 but source and support remain available; verify per-project revision"
"https://bleepsound.github.io/modules/","bleepsound.github.io","Bleep Sound modules index","project_hub","LM13700 MS-20 filters ADSR mixers VCO VCA drum and power designs","Low-SEO catalog links public schematics BOMs editable KiCad Gerbers and explicit tested-versus-untested status","analog;embedded","active","2026-07-27","2026-07-27","Module index license and tested double-filter documentation verified","CC BY-SA 4.0; confirm upstream design lineage where a module credits another author"
"https://git.sitkainstruments.com/Oleksiy/GravityHW","git.sitkainstruments.com","Sitka Gravity Hardware","alternative_forge_project","Arduino Eurorack clock sequencing and logic-control hardware","Self-hosted Gitea page provides editable KiCad board panel schematic and explicit hardware license","embedded","active","2026-07-27","2026-07-27","Gitea repository files README and CERN-OHL-S declaration verified","Audio-adjacent control module rather than an analog signal-path design"
"https://aisynthesis.com/","aisynthesis.com","AI Synthesis DIY module catalog","project_hub","3340 VCO LM13700 filter 2164 VCA ADSR LPG and voltage-controlled matrix mixer","Official builder hub provides free schematics BOMs manuals circuit explanations videos and extensive build evidence","analog","active","2026-07-27","2026-07-27","Catalog and representative VCO VCF VCA LPG and mixer pages verified","Free schematics do not establish a reusable hardware license; hold promotion until exact terms are found"
"https://www.electrosmash.com/time-manipulator","electrosmash.com","Time Manipulator dual-PT2399 pedal","project_page","Arduino-controlled dual PT2399 delay echo reverb chorus and routing","Primary project page includes schematic BOM PCB plan enclosure drilling assembly guide firmware and circuit description","analog;embedded","active","2026-07-27","2026-07-27","Primary circuit documentation and current PT2399 manufacturer page verified","Firmware is open source but a hardware reuse license was not located"
"https://github.com/littlebitselectronics/eagle-files","github.com","littleBits circuit design archive","repository_host","Modular 5 V oscillator MS-20-style filter envelope random mixer PT2399 delay and speaker circuits","Legacy primary archive exposes editable Eagle boards schematics and proven commercial synth-module hardware under CERN OHL","analog;embedded","active","2026-07-27","2026-07-27","Repository license and synth module source folders verified","CERN OHL v1.2 covers circuit designs; magnetic connector system branding and trade dress remain reserved"
